rank,feature_idx,cohens_d,auroc,fire_rate_tool,fire_rate_nontool,diff,mean_tool,mean_nontool,sign
0,951,1.146222,0.994783,0.4170,0.0050,1.437187,1.455238,0.018051,tool
1,1110,-1.046537,0.539129,0.0010,0.3820,-2.309470,0.002957,2.312427,nontool
2,1199,0.948060,0.953578,0.4090,0.0400,1.243495,1.399140,0.155645,tool
3,968,-0.892066,0.624718,0.0020,0.3040,-1.637902,0.005879,1.643782,nontool
4,931,-0.816311,0.617931,0.0230,0.3150,-1.275053,0.109201,1.384253,nontool
5,1055,-0.753035,0.670209,0.0190,0.2630,-1.346919,0.070213,1.417133,nontool
6,911,-0.712756,0.664687,0.0390,0.2690,-1.149957,0.138343,1.288300,nontool
7,964,-0.656973,0.712759,0.0230,0.2270,-0.940233,0.088747,1.028980,nontool
8,1126,-0.635247,0.720003,0.0250,0.2210,-0.888769,0.096822,0.985591,nontool
9,1149,-0.592395,0.730460,0.0330,0.2130,-0.851490,0.126029,0.977519,nontool
10,1053,-0.566892,0.785752,0.0010,0.1660,-1.229382,0.004795,1.234177,nontool
11,1057,-0.532531,0.826787,0.0010,0.1340,-0.638256,0.005215,0.643471,nontool
12,893,0.520404,0.997407,0.1350,0.0010,0.670518,0.674374,0.003856,tool
13,1426,-0.493500,0.854328,0.0000,0.1130,-0.570563,0.000000,0.570563,nontool
14,1317,-0.434117,0.884746,0.0000,0.0880,-0.374217,0.000000,0.374217,nontool
15,1357,0.402652,0.984443,0.1140,0.0120,0.559035,0.616393,0.057359,tool
16,1248,-0.387961,0.761929,0.0640,0.1900,-0.604677,0.286164,0.890840,nontool
17,1292,-0.370694,0.872527,0.0190,0.0980,-0.399547,0.065416,0.464963,nontool
18,1239,-0.368648,0.913332,0.0000,0.0660,-0.308724,0.000000,0.308724,nontool
19,1272,-0.353606,0.853449,0.0270,0.1140,-0.390779,0.108272,0.499051,nontool
20,1559,-0.352356,0.915260,0.0000,0.0640,-0.320227,0.000000,0.320227,nontool
21,1074,-0.349785,0.918485,0.0010,0.0620,-0.251769,0.004471,0.256240,nontool
22,1551,-0.348048,0.442336,0.3620,0.4460,-2.709258,4.802884,7.512142,nontool
23,1244,0.327826,0.997989,0.0580,0.0000,0.251709,0.251709,0.000000,tool
24,1506,-0.312947,0.901705,0.0110,0.0750,-0.271780,0.048181,0.319961,nontool
25,1115,-0.308816,0.939291,0.0000,0.0460,-0.191078,0.000000,0.191078,nontool
26,1341,-0.304871,0.876904,0.0290,0.0960,-0.313217,0.107676,0.420893,nontool
27,1054,-0.302467,0.817076,0.0650,0.1440,-0.382740,0.237353,0.620093,nontool
28,873,-0.295504,0.901903,0.0120,0.0750,-0.254731,0.056769,0.311500,nontool
29,1247,0.294599,0.903057,0.2230,0.0780,0.396215,0.747708,0.351494,tool
30,1353,0.288936,0.990976,0.0630,0.0070,0.293515,0.323606,0.030091,tool
31,1153,0.288238,0.966608,0.1120,0.0260,0.501318,0.679893,0.178574,tool
32,1448,0.287617,0.997899,0.0510,0.0000,0.387939,0.387939,0.000000,tool
33,874,-0.287161,0.924020,0.0040,0.0570,-0.320492,0.014457,0.334949,nontool
34,1027,0.282531,0.995372,0.0470,0.0030,0.196266,0.207287,0.011022,tool
35,904,0.282140,0.992702,0.0560,0.0050,0.224809,0.249634,0.024825,tool
36,881,-0.271110,0.853293,0.0510,0.1160,-0.325640,0.195969,0.521609,nontool
37,1071,0.269791,0.978671,0.0850,0.0160,0.254552,0.340961,0.086409,tool
38,1216,-0.266642,0.948071,0.0000,0.0390,-0.223722,0.000000,0.223722,nontool
39,862,-0.265970,0.939311,0.0060,0.0460,-0.177794,0.019586,0.197379,nontool
40,1259,-0.257919,0.937717,0.0060,0.0470,-0.177932,0.024256,0.202188,nontool
41,1025,-0.257563,0.955514,0.0000,0.0330,-0.141232,0.000000,0.141232,nontool
42,1123,0.252561,0.995533,0.0460,0.0030,0.210681,0.232363,0.021682,tool
43,1154,-0.251097,0.954866,0.0010,0.0340,-0.162091,0.004385,0.166477,nontool
44,1400,0.248603,0.796170,0.3440,0.1680,0.397694,1.123666,0.725972,tool
45,1331,0.242410,0.986034,0.0530,0.0110,0.181147,0.224586,0.043439,tool
46,1184,0.239520,0.997917,0.0330,0.0000,0.188565,0.188565,0.000000,tool
47,1031,-0.237345,0.962455,0.0000,0.0280,-0.121796,0.000000,0.121796,nontool
48,1252,-0.237341,0.958588,0.0010,0.0310,-0.147650,0.003973,0.151623,nontool
49,1554,0.233840,0.989076,0.0500,0.0080,0.201447,0.243601,0.042154,tool
50,1303,-0.232821,0.958565,0.0010,0.0310,-0.171900,0.003225,0.175125,nontool
51,1475,0.227384,0.993557,0.0390,0.0050,0.121872,0.141377,0.019504,tool
52,864,-0.222537,0.926928,0.0180,0.0560,-0.178466,0.065751,0.244217,nontool
53,1029,-0.220437,0.967742,0.0000,0.0240,-0.096454,0.000000,0.096454,nontool
54,960,-0.219312,0.945274,0.0090,0.0410,-0.134734,0.030529,0.165262,nontool
55,1583,-0.218909,0.965295,0.0000,0.0260,-0.124450,0.000000,0.124450,nontool
56,932,0.217209,0.997159,0.0310,0.0010,0.136542,0.140250,0.003707,tool
57,1098,-0.216986,0.967741,0.0000,0.0240,-0.112036,0.000000,0.112036,nontool
58,928,0.211970,0.997036,0.0300,0.0020,0.161000,0.170838,0.009838,tool
59,1037,0.211958,0.986723,0.0480,0.0100,0.212591,0.266939,0.054348,tool
60,1271,-0.210803,0.954906,0.0050,0.0340,-0.202260,0.025419,0.227679,nontool
61,1124,-0.209206,0.967805,0.0000,0.0240,-0.131571,0.000000,0.131571,nontool
62,1284,0.208635,0.995113,0.0300,0.0030,0.195758,0.210777,0.015019,tool
63,1047,0.204933,0.997887,0.0210,0.0000,0.148927,0.148927,0.000000,tool
64,1493,-0.202961,0.915544,0.0290,0.0650,-0.185349,0.107324,0.292672,nontool
65,1295,-0.200723,0.937758,0.0100,0.0470,-0.238439,0.061635,0.300074,nontool
66,1444,0.196959,0.996031,0.0300,0.0030,0.109827,0.123868,0.014042,tool
67,1095,0.194724,0.997886,0.0220,0.0000,0.114933,0.114933,0.000000,tool
68,1314,-0.193190,0.761852,0.1070,0.1440,-0.267110,0.380084,0.647193,nontool
69,1185,0.192701,0.996141,0.0260,0.0020,0.085071,0.094804,0.009733,tool
70,1512,-0.189775,0.974222,0.0000,0.0190,-0.099283,0.000000,0.099283,nontool
71,1081,0.188243,0.997149,0.0230,0.0010,0.136961,0.141481,0.004520,tool
72,1183,0.187900,0.998100,0.0210,0.0000,0.149543,0.149543,0.000000,tool
73,1282,-0.187645,0.974269,0.0000,0.0190,-0.102817,0.000000,0.102817,nontool
74,1041,0.186903,0.997057,0.0210,0.0010,0.142705,0.147217,0.004512,tool
75,882,-0.186809,0.959150,0.0050,0.0310,-0.106849,0.023416,0.130265,nontool
76,1109,0.181164,0.997915,0.0200,0.0000,0.098271,0.098271,0.000000,tool
77,974,-0.180157,0.823766,0.1280,0.1380,-0.234322,0.376704,0.611026,nontool
78,1191,-0.178786,0.976855,0.0000,0.0170,-0.078337,0.000000,0.078337,nontool
79,1377,0.178360,0.992612,0.0310,0.0050,0.104780,0.130449,0.025669,tool
80,1621,0.173332,0.997881,0.0170,0.0000,0.127307,0.127307,0.000000,tool
81,1568,-0.172326,0.793694,0.2100,0.1650,-0.290540,0.593137,0.883676,nontool
82,1508,0.171524,0.987442,0.0270,0.0090,0.183091,0.225892,0.042801,tool
83,1125,0.169256,0.997882,0.0150,0.0000,0.072736,0.072736,0.000000,tool
84,958,-0.167726,0.973030,0.0040,0.0200,-0.090910,0.012852,0.103762,nontool
85,1365,-0.167702,0.800341,0.0860,0.1610,-0.256031,0.423313,0.679344,nontool
86,1573,0.167511,0.957785,0.0800,0.0330,0.169448,0.325420,0.155971,tool
87,1495,-0.166953,0.957231,0.0100,0.0330,-0.096938,0.037236,0.134174,nontool
88,1262,-0.166924,0.979765,0.0000,0.0150,-0.086978,0.000000,0.086978,nontool
89,845,0.164297,0.997056,0.0180,0.0010,0.241942,0.246267,0.004325,tool
90,1173,0.161895,0.997864,0.0140,0.0000,0.065012,0.065012,0.000000,tool
91,1423,0.160903,0.997912,0.0130,0.0000,0.063027,0.063027,0.000000,tool
92,1507,-0.160140,0.966098,0.0080,0.0250,-0.083062,0.024727,0.107789,nontool
93,1106,-0.159647,0.981929,0.0000,0.0130,-0.059842,0.000000,0.059842,nontool
94,1375,-0.159049,0.955668,0.0120,0.0330,-0.126343,0.051718,0.178061,nontool
95,1267,0.159041,0.633255,0.3430,0.2290,0.298900,1.325194,1.026295,tool
96,930,0.158536,0.990445,0.0310,0.0070,0.190052,0.227670,0.037618,tool
97,1584,0.157963,0.997042,0.0160,0.0010,0.053617,0.057970,0.004353,tool
98,1513,-0.154019,0.981915,0.0000,0.0130,-0.091839,0.000000,0.091839,nontool
99,1340,0.153682,0.997976,0.0140,0.0000,0.123718,0.123718,0.000000,tool
100,1112,-0.153645,0.973019,0.0030,0.0200,-0.097275,0.014028,0.111303,nontool
101,1203,-0.151915,0.965351,0.0040,0.0260,-0.131949,0.030939,0.162887,nontool
102,1039,-0.149658,0.978289,0.0020,0.0160,-0.057154,0.007712,0.064867,nontool
103,1104,-0.149227,0.976631,0.0020,0.0170,-0.117929,0.009601,0.127530,nontool
104,1101,0.148966,0.997033,0.0140,0.0010,0.074664,0.079329,0.004665,tool
105,1177,-0.148925,0.876788,0.0750,0.0960,-0.174078,0.263707,0.437785,nontool
106,1277,-0.148818,0.983584,0.0000,0.0120,-0.060754,0.000000,0.060754,nontool
107,1270,0.147496,0.997663,0.0110,0.0000,0.071851,0.071851,0.000000,tool
108,889,0.146518,0.997256,0.0140,0.0010,0.040463,0.044175,0.003712,tool
109,1474,-0.146130,0.976660,0.0020,0.0170,-0.122162,0.013994,0.136155,nontool
110,835,-0.145856,0.984812,0.0000,0.0110,-0.060395,0.000000,0.060395,nontool
111,1119,-0.145114,0.981911,0.0010,0.0130,-0.077399,0.004111,0.081510,nontool
112,1454,-0.144630,0.984857,0.0000,0.0110,-0.068185,0.000000,0.068185,nontool
113,955,0.144564,0.978816,0.0410,0.0160,0.121264,0.200541,0.079277,tool
114,1390,-0.143300,0.727042,0.1630,0.2340,-0.265648,0.766944,1.032592,nontool
115,878,-0.141913,0.971390,0.0060,0.0210,-0.080531,0.024272,0.104803,nontool
116,1212,-0.141733,0.984812,0.0000,0.0110,-0.087139,0.000000,0.087139,nontool
117,1274,0.141714,0.997881,0.0100,0.0000,0.036672,0.036672,0.000000,tool
118,1368,-0.141672,0.976007,0.0040,0.0180,-0.081741,0.018741,0.100482,nontool
119,1360,-0.140587,0.984921,0.0000,0.0110,-0.085993,0.000000,0.085993,nontool
120,1558,-0.140566,0.973467,0.0070,0.0200,-0.081554,0.022602,0.104156,nontool
121,1456,-0.140185,0.965391,0.0080,0.0260,-0.101763,0.038267,0.140030,nontool
122,1577,0.139318,0.997044,0.0120,0.0010,0.051123,0.054608,0.003485,tool
123,1096,-0.138618,0.950567,0.0160,0.0370,-0.098095,0.066370,0.164465,nontool
124,1214,0.138340,0.986791,0.0340,0.0100,0.117781,0.172507,0.054726,tool
125,905,-0.138165,0.986481,0.0000,0.0100,-0.053790,0.000000,0.053790,nontool
126,1624,0.138154,0.997910,0.0100,0.0000,0.036707,0.036707,0.000000,tool
127,1564,0.135360,0.992800,0.0210,0.0050,0.071627,0.093613,0.021986,tool
128,1092,0.134527,0.997787,0.0090,0.0000,0.033135,0.033135,0.000000,tool
129,1367,0.133162,0.997910,0.0090,0.0000,0.062831,0.062831,0.000000,tool
130,1150,-0.133151,0.987216,0.0000,0.0090,-0.055257,0.000000,0.055257,nontool
131,1373,0.132984,0.997027,0.0140,0.0010,0.077869,0.083535,0.005665,tool
132,1015,-0.132621,0.987205,0.0000,0.0090,-0.056506,0.000000,0.056506,nontool
133,1294,-0.132292,0.987232,0.0000,0.0090,-0.049746,0.000000,0.049746,nontool
134,1283,-0.132019,0.987231,0.0000,0.0090,-0.051328,0.000000,0.051328,nontool
135,1172,-0.131879,0.987215,0.0000,0.0090,-0.041564,0.000000,0.041564,nontool
136,1489,-0.131782,0.987262,0.0000,0.0090,-0.045208,0.000000,0.045208,nontool
137,1446,-0.131503,0.987208,0.0000,0.0090,-0.044333,0.000000,0.044333,nontool
138,871,0.131267,0.997911,0.0090,0.0000,0.035602,0.035602,0.000000,tool
139,1404,0.131243,0.997023,0.0090,0.0010,0.216074,0.220895,0.004820,tool
140,1604,-0.130673,0.979756,0.0030,0.0150,-0.117285,0.017342,0.134627,nontool
141,1139,-0.130670,0.976000,0.0060,0.0180,-0.068937,0.022104,0.091041,nontool
142,1626,-0.130496,0.556508,0.3540,0.2900,-0.248685,1.130585,1.379270,nontool
143,1515,-0.130121,0.983570,0.0020,0.0120,-0.059210,0.007680,0.066891,nontool
144,910,-0.129185,0.987215,0.0000,0.0090,-0.047638,0.000000,0.047638,nontool
145,917,-0.128746,0.976654,0.0050,0.0170,-0.059265,0.018004,0.077269,nontool
146,965,0.128085,0.995142,0.0170,0.0030,0.060577,0.076987,0.016410,tool
147,1409,-0.127809,0.970821,0.0070,0.0220,-0.102456,0.037163,0.139620,nontool
148,1447,0.127709,0.997787,0.0090,0.0000,0.048411,0.048411,0.000000,tool
149,822,0.127367,0.997072,0.0130,0.0010,0.055747,0.062208,0.006461,tool
150,1455,0.126918,0.997864,0.0100,0.0000,0.058640,0.058640,0.000000,tool
151,1595,0.126649,0.997522,0.0080,0.0000,0.089164,0.089164,0.000000,tool
152,1523,-0.126347,0.988858,0.0000,0.0080,-0.041689,0.000000,0.041689,nontool
153,921,-0.125109,0.988858,0.0000,0.0080,-0.058874,0.000000,0.058874,nontool
154,1550,-0.123994,0.988870,0.0000,0.0080,-0.038982,0.000000,0.038982,nontool
155,1097,0.123967,0.997568,0.0080,0.0000,0.041394,0.041394,0.000000,tool
156,1445,-0.122972,0.952208,0.0130,0.0360,-0.160053,0.111257,0.271310,nontool
157,1227,-0.122690,0.988869,0.0000,0.0080,-0.050481,0.000000,0.050481,nontool
158,827,-0.121403,0.957328,0.0190,0.0320,-0.107308,0.079426,0.186734,nontool
159,853,-0.121332,0.981922,0.0030,0.0130,-0.058588,0.013297,0.071885,nontool
160,1001,0.121219,0.997030,0.0090,0.0010,0.075272,0.080871,0.005599,tool
161,1242,-0.120881,0.986487,0.0010,0.0100,-0.048727,0.005424,0.054151,nontool
162,1020,-0.120878,0.988885,0.0000,0.0080,-0.051593,0.000000,0.051593,nontool
163,1379,-0.120657,0.969258,0.0070,0.0230,-0.108002,0.046755,0.154757,nontool
164,1062,0.120244,0.997027,0.0090,0.0010,0.106335,0.113048,0.006713,tool
165,1048,-0.119887,0.958941,0.0180,0.0310,-0.090505,0.071222,0.161727,nontool
166,860,0.119074,0.996026,0.0160,0.0020,0.040729,0.052090,0.011360,tool
167,1553,-0.118594,0.984810,0.0020,0.0110,-0.056158,0.009320,0.065478,nontool
168,1346,-0.118391,0.990240,0.0000,0.0070,-0.026750,0.000000,0.026750,nontool
169,1028,-0.116880,0.990229,0.0000,0.0070,-0.040666,0.000000,0.040666,nontool
170,916,-0.116517,0.979892,0.0030,0.0150,-0.067355,0.018021,0.085376,nontool
171,1059,-0.116494,0.983805,0.0030,0.0120,-0.048385,0.011058,0.059443,nontool
172,999,-0.115936,0.990256,0.0000,0.0070,-0.043643,0.000000,0.043643,nontool
173,1434,-0.115723,0.983580,0.0020,0.0120,-0.058219,0.011176,0.069396,nontool
174,1050,0.114249,0.997635,0.0070,0.0000,0.034448,0.034448,0.000000,tool
175,976,-0.113776,0.960300,0.0200,0.0300,-0.082639,0.070729,0.153368,nontool
176,1017,-0.113561,0.979798,0.0060,0.0150,-0.053042,0.020053,0.073095,nontool
177,1023,0.113273,0.997021,0.0080,0.0010,0.057538,0.062005,0.004467,tool
178,950,-0.112997,0.978342,0.0060,0.0160,-0.061666,0.025148,0.086814,nontool
179,1619,0.112641,0.944046,0.0820,0.0430,0.124780,0.341377,0.216597,tool
180,1478,-0.112437,0.988915,0.0000,0.0080,-0.081151,0.000000,0.081151,nontool
181,1155,-0.111785,0.979791,0.0050,0.0150,-0.050768,0.019367,0.070135,nontool
182,847,-0.111279,0.987214,0.0010,0.0090,-0.035876,0.004695,0.040571,nontool
183,1503,0.111105,0.997028,0.0080,0.0010,0.079829,0.085748,0.005919,tool
184,1557,0.110753,0.997029,0.0080,0.0010,0.042082,0.046000,0.003918,tool
185,1591,0.109569,0.997662,0.0070,0.0000,0.049519,0.049519,0.000000,tool
186,1408,-0.109056,0.991887,0.0000,0.0060,-0.030944,0.000000,0.030944,nontool
187,1482,-0.108873,0.991886,0.0000,0.0060,-0.028029,0.000000,0.028029,nontool
188,1342,-0.108684,0.991911,0.0000,0.0060,-0.032226,0.000000,0.032226,nontool
189,1052,-0.108466,0.992004,0.0000,0.0060,-0.029899,0.000000,0.029899,nontool
190,1085,-0.108448,0.992508,0.0000,0.0060,-0.027940,0.000000,0.027940,nontool
191,1569,-0.108304,0.991883,0.0000,0.0060,-0.028672,0.000000,0.028672,nontool
192,865,-0.108213,0.991888,0.0000,0.0060,-0.030889,0.000000,0.030889,nontool
193,1521,0.108186,0.997513,0.0060,0.0000,0.026135,0.026135,0.000000,tool
194,888,-0.108028,0.991887,0.0000,0.0060,-0.036387,0.000000,0.036387,nontool
195,1253,-0.107906,0.991883,0.0000,0.0060,-0.028743,0.000000,0.028743,nontool
196,1539,0.107794,0.997536,0.0060,0.0000,0.031691,0.031691,0.000000,tool
197,1030,-0.106875,0.991911,0.0000,0.0060,-0.046011,0.000000,0.046011,nontool
198,1338,-0.106785,0.974252,0.0100,0.0190,-0.068107,0.041300,0.109407,nontool
199,1356,-0.106661,0.991911,0.0000,0.0060,-0.030898,0.000000,0.030898,nontool
200,1143,-0.105566,0.990257,0.0010,0.0070,-0.037709,0.003222,0.040931,nontool
201,1470,-0.105336,0.955367,0.0230,0.0340,-0.080688,0.086907,0.167595,nontool
202,954,-0.104949,0.991910,0.0000,0.0060,-0.038212,0.000000,0.038212,nontool
203,1501,0.104327,0.992077,0.0150,0.0060,0.062443,0.090452,0.028010,tool
204,1593,-0.104081,0.981938,0.0040,0.0130,-0.050591,0.018185,0.068776,nontool
205,1465,-0.102958,0.988869,0.0010,0.0080,-0.042904,0.003637,0.046541,nontool
206,940,-0.102424,0.991883,0.0000,0.0060,-0.034924,0.000000,0.034924,nontool
207,1225,0.101657,0.956708,0.0750,0.0330,0.189376,0.466295,0.276919,tool
208,1236,-0.101620,0.987271,0.0010,0.0090,-0.052078,0.009064,0.061142,nontool
209,890,-0.100953,0.983572,0.0050,0.0120,-0.045194,0.017631,0.062825,nontool
210,1350,0.100194,0.997514,0.0060,0.0000,0.031162,0.031162,0.000000,tool
211,1575,0.100173,0.997849,0.0050,0.0000,0.030008,0.030008,0.000000,tool
212,1051,0.100077,0.997014,0.0080,0.0010,0.026705,0.030499,0.003794,tool
213,1536,-0.100010,0.992567,0.0000,0.0050,-0.042448,0.000000,0.042448,nontool
214,1127,-0.099731,0.992519,0.0000,0.0050,-0.024383,0.000000,0.024383,nontool
215,1321,-0.099708,0.992520,0.0000,0.0050,-0.021865,0.000000,0.021865,nontool
216,1195,-0.099696,0.984830,0.0040,0.0110,-0.033731,0.012187,0.045918,nontool
217,1268,-0.099685,0.992514,0.0000,0.0050,-0.021452,0.000000,0.021452,nontool
218,909,-0.099643,0.987215,0.0010,0.0090,-0.042788,0.007025,0.049813,nontool
219,1129,-0.099610,0.992521,0.0000,0.0050,-0.023272,0.000000,0.023272,nontool
220,1171,-0.099412,0.992630,0.0000,0.0050,-0.029546,0.000000,0.029546,nontool
221,1555,-0.098953,0.992535,0.0000,0.0050,-0.021171,0.000000,0.021171,nontool
222,981,0.098915,0.997016,0.0070,0.0010,0.033159,0.036793,0.003634,tool
223,1042,-0.098766,0.992521,0.0000,0.0050,-0.026930,0.000000,0.026930,nontool
224,977,-0.098711,0.987214,0.0020,0.0090,-0.032449,0.007779,0.040228,nontool
225,1499,0.098656,0.998005,0.0050,0.0000,0.020796,0.020796,0.000000,tool
226,933,0.098545,0.996026,0.0110,0.0020,0.034204,0.044602,0.010398,tool
227,1599,-0.098286,0.992567,0.0000,0.0050,-0.031624,0.000000,0.031624,nontool
228,1269,-0.098216,0.990231,0.0010,0.0070,-0.041130,0.005782,0.046911,nontool
229,1326,0.098111,0.996037,0.0120,0.0020,0.033196,0.044376,0.011180,tool
230,896,-0.097909,0.992508,0.0000,0.0050,-0.028388,0.000000,0.028388,nontool
231,1067,-0.097902,0.992379,0.0000,0.0060,-0.049815,0.000000,0.049815,nontool
232,1354,0.097817,0.992195,0.0110,0.0060,0.078366,0.106458,0.028093,tool
233,1087,0.097661,0.983273,0.0320,0.0130,0.067851,0.134289,0.066438,tool
234,1510,-0.097410,0.986518,0.0030,0.0100,-0.038325,0.012301,0.050626,nontool
235,936,-0.097350,0.992514,0.0000,0.0050,-0.033840,0.000000,0.033840,nontool
236,1256,0.097279,0.997513,0.0050,0.0000,0.028697,0.028697,0.000000,tool
237,876,-0.097022,0.992514,0.0000,0.0050,-0.036890,0.000000,0.036890,nontool
238,895,0.096898,0.997536,0.0050,0.0000,0.024729,0.024729,0.000000,tool
239,849,0.096516,0.986760,0.0280,0.0100,0.055053,0.104057,0.049005,tool
240,959,0.096481,0.997024,0.0070,0.0010,0.025871,0.029716,0.003845,tool
241,1585,-0.096478,0.990243,0.0010,0.0070,-0.034378,0.004871,0.039249,nontool
242,1480,-0.096462,0.992521,0.0000,0.0050,-0.030470,0.000000,0.030470,nontool
243,1576,-0.096408,0.990242,0.0010,0.0070,-0.036882,0.005329,0.042212,nontool
244,899,0.096237,0.986631,0.0260,0.0100,0.052079,0.098267,0.046188,tool
245,894,-0.095492,0.992521,0.0000,0.0050,-0.035180,0.000000,0.035180,nontool
246,1371,-0.095064,0.992512,0.0000,0.0050,-0.034969,0.000000,0.034969,nontool
247,1363,-0.095039,0.974246,0.0110,0.0190,-0.051842,0.036145,0.087988,nontool
248,1142,-0.094673,0.992536,0.0000,0.0050,-0.029728,0.000000,0.029728,nontool
249,1533,-0.094456,0.965595,0.0180,0.0260,-0.060538,0.063186,0.123725,nontool
250,1138,0.094412,0.994063,0.0110,0.0040,0.042442,0.059493,0.017051,tool
251,971,0.093584,0.997015,0.0080,0.0010,0.036587,0.043437,0.006850,tool
252,1545,-0.093562,0.986475,0.0030,0.0100,-0.034003,0.012166,0.046168,nontool
253,1635,0.093446,0.996027,0.0090,0.0020,0.036282,0.046853,0.010571,tool
254,1452,-0.093244,0.992508,0.0000,0.0050,-0.032342,0.000000,0.032342,nontool
255,993,-0.093143,0.991884,0.0010,0.0060,-0.032526,0.004215,0.036741,nontool
256,1007,-0.093091,0.981439,0.0060,0.0140,-0.041863,0.023730,0.065593,nontool
257,1401,0.091886,0.994089,0.0110,0.0040,0.059865,0.079756,0.019891,tool
258,947,-0.091885,0.990247,0.0010,0.0070,-0.023805,0.004460,0.028265,nontool
259,1381,-0.091795,0.970855,0.0060,0.0220,-0.095705,0.061262,0.156967,nontool
260,1625,-0.091695,0.990233,0.0020,0.0070,-0.041186,0.007748,0.048934,nontool
261,1010,0.091541,0.974531,0.0410,0.0200,0.077818,0.183728,0.105910,tool
262,821,0.091514,0.997024,0.0070,0.0010,0.033298,0.039244,0.005945,tool
263,820,0.091259,0.997660,0.0050,0.0000,0.081905,0.081905,0.000000,tool
264,1608,-0.090673,0.986514,0.0040,0.0100,-0.034968,0.014210,0.049178,nontool
265,1257,-0.090406,0.731882,0.3170,0.2200,-0.167880,0.960900,1.128780,nontool
266,857,0.090228,0.997012,0.0070,0.0010,0.034208,0.040100,0.005892,tool
267,1425,-0.090211,0.992520,0.0000,0.0050,-0.031409,0.000000,0.031409,nontool
268,1046,-0.089387,0.994034,0.0000,0.0040,-0.015047,0.000000,0.015047,nontool
269,1430,-0.089369,0.994011,0.0000,0.0040,-0.019794,0.000000,0.019794,nontool
270,1182,-0.089222,0.994005,0.0000,0.0040,-0.021694,0.000000,0.021694,nontool
271,1201,-0.089065,0.994005,0.0000,0.0040,-0.020422,0.000000,0.020422,nontool
272,1170,-0.089018,0.994005,0.0000,0.0040,-0.016442,0.000000,0.016442,nontool
273,1344,-0.088952,0.994010,0.0000,0.0040,-0.022652,0.000000,0.022652,nontool
274,1038,-0.088934,0.965469,0.0170,0.0260,-0.052788,0.060069,0.112856,nontool
275,1084,-0.088916,0.994064,0.0000,0.0040,-0.024079,0.000000,0.024079,nontool
276,1043,-0.088875,0.994011,0.0000,0.0040,-0.022929,0.000000,0.022929,nontool
277,1008,-0.088849,0.994017,0.0000,0.0040,-0.026675,0.000000,0.026675,nontool
278,1079,0.088617,0.997010,0.0070,0.0010,0.019369,0.023430,0.004062,tool
279,1516,-0.088265,0.994010,0.0000,0.0040,-0.020657,0.000000,0.020657,nontool
280,1254,-0.088257,0.994005,0.0000,0.0040,-0.017745,0.000000,0.017745,nontool
281,1302,-0.088097,0.994005,0.0000,0.0040,-0.023794,0.000000,0.023794,nontool
282,1590,-0.087984,0.994005,0.0000,0.0040,-0.028587,0.000000,0.028587,nontool
283,914,-0.087581,0.994005,0.0000,0.0040,-0.020455,0.000000,0.020455,nontool
284,1414,-0.087372,0.994010,0.0000,0.0040,-0.022369,0.000000,0.022369,nontool
285,1327,-0.087164,0.994005,0.0000,0.0040,-0.033838,0.000000,0.033838,nontool
286,842,-0.087052,0.991897,0.0010,0.0060,-0.027490,0.004654,0.032144,nontool
287,1339,-0.086842,0.994005,0.0000,0.0040,-0.024035,0.000000,0.024035,nontool
288,1200,0.086764,0.997786,0.0040,0.0000,0.023217,0.023217,0.000000,tool
289,1538,0.086627,0.997660,0.0050,0.0000,0.048209,0.048209,0.000000,tool
290,997,-0.086259,0.994009,0.0000,0.0040,-0.029563,0.000000,0.029563,nontool
291,1392,-0.085845,0.994005,0.0000,0.0040,-0.023369,0.000000,0.023369,nontool
292,1280,0.085502,0.987330,0.0210,0.0090,0.043720,0.082878,0.039158,tool
293,1637,0.085081,0.990297,0.0160,0.0070,0.052676,0.087491,0.034815,tool
294,1275,-0.084947,0.994005,0.0000,0.0040,-0.027804,0.000000,0.027804,nontool
295,1211,-0.084817,0.976680,0.0110,0.0170,-0.058743,0.049641,0.108384,nontool
296,1209,0.084653,0.994043,0.0100,0.0040,0.053007,0.073857,0.020849,tool
297,1313,0.084543,0.997011,0.0060,0.0010,0.018868,0.022438,0.003571,tool
298,1159,0.084007,0.995076,0.0120,0.0030,0.033533,0.050340,0.016807,tool
299,1137,-0.083729,0.991946,0.0010,0.0060,-0.047870,0.007307,0.055177,nontool
300,907,-0.083509,0.992522,0.0010,0.0050,-0.023094,0.003274,0.026368,nontool
301,1264,0.083180,0.976267,0.0330,0.0180,0.122117,0.284095,0.161978,tool
302,1613,-0.083160,0.971441,0.0180,0.0210,-0.062698,0.067264,0.129962,nontool
303,1146,0.082527,0.997021,0.0060,0.0010,0.024642,0.029247,0.004604,tool
304,1260,0.081547,0.986540,0.0240,0.0100,0.044052,0.092149,0.048097,tool
305,1413,0.081367,0.997014,0.0060,0.0010,0.030916,0.034766,0.003849,tool
306,1245,-0.081279,0.985070,0.0040,0.0110,-0.032482,0.018125,0.050607,nontool
307,1615,-0.081044,0.991902,0.0010,0.0060,-0.025646,0.005736,0.031382,nontool
308,875,-0.081022,0.987274,0.0030,0.0090,-0.032933,0.014513,0.047446,nontool
309,1440,-0.080814,0.990261,0.0020,0.0070,-0.031801,0.009972,0.041774,nontool
310,1287,-0.080264,0.992568,0.0010,0.0050,-0.022728,0.004099,0.026828,nontool
311,992,0.080262,0.996050,0.0070,0.0020,0.032439,0.043245,0.010806,tool
312,1229,0.080217,0.987803,0.0120,0.0090,0.066677,0.113587,0.046910,tool
313,1543,-0.079960,0.994005,0.0000,0.0040,-0.041384,0.000000,0.041384,nontool
314,1374,-0.079747,0.991889,0.0010,0.0060,-0.028789,0.006443,0.035232,nontool
315,1547,0.079087,0.983722,0.0250,0.0120,0.047442,0.103645,0.056203,tool
316,1603,-0.077747,0.990248,0.0020,0.0070,-0.027989,0.009196,0.037185,nontool
317,1458,0.077536,0.997506,0.0030,0.0000,0.012676,0.012676,0.000000,tool
318,1632,0.077536,0.997505,0.0030,0.0000,0.012115,0.012115,0.000000,tool
319,1504,-0.077518,0.995033,0.0000,0.0030,-0.015835,0.000000,0.015835,nontool
320,1213,-0.077470,0.995004,0.0000,0.0030,-0.014875,0.000000,0.014875,nontool
321,1019,0.077468,0.997314,0.0030,0.0000,0.017813,0.017813,0.000000,tool
322,823,-0.077452,0.995004,0.0000,0.0030,-0.013730,0.000000,0.013730,nontool
323,1033,-0.077450,0.995004,0.0000,0.0030,-0.019873,0.000000,0.019873,nontool
324,856,-0.077406,0.991896,0.0020,0.0060,-0.021431,0.006587,0.028018,nontool
325,1451,-0.077375,0.995004,0.0000,0.0030,-0.013257,0.000000,0.013257,nontool
326,832,-0.077198,0.995064,0.0000,0.0030,-0.016441,0.000000,0.016441,nontool
327,1486,0.077150,0.996047,0.0060,0.0020,0.029420,0.037767,0.008348,tool
328,1578,-0.077100,0.995004,0.0000,0.0030,-0.015462,0.000000,0.015462,nontool
329,1487,-0.077080,0.995033,0.0000,0.0030,-0.017837,0.000000,0.017837,nontool
330,825,0.077000,0.939285,0.0560,0.0480,0.108013,0.363288,0.255274,tool
331,1114,0.076964,0.997628,0.0030,0.0000,0.022787,0.022787,0.000000,tool
332,1210,-0.076934,0.983642,0.0060,0.0120,-0.067277,0.034324,0.101601,nontool
333,828,-0.076890,0.995004,0.0000,0.0030,-0.020154,0.000000,0.020154,nontool
334,1600,0.076871,0.997512,0.0030,0.0000,0.012970,0.012970,0.000000,tool
335,898,-0.076870,0.995065,0.0000,0.0030,-0.012130,0.000000,0.012130,nontool
336,852,-0.076689,0.995004,0.0000,0.0030,-0.012860,0.000000,0.012860,nontool
337,1531,0.076669,0.997255,0.0030,0.0000,0.012169,0.012169,0.000000,tool
338,1316,-0.076574,0.995004,0.0000,0.0030,-0.014381,0.000000,0.014381,nontool
339,1165,-0.076542,0.995004,0.0000,0.0030,-0.016968,0.000000,0.016968,nontool
340,1522,-0.076497,0.995033,0.0000,0.0030,-0.016896,0.000000,0.016896,nontool
341,1544,-0.076404,0.995018,0.0000,0.0030,-0.015745,0.000000,0.015745,nontool
342,1036,-0.076388,0.995033,0.0000,0.0030,-0.013270,0.000000,0.013270,nontool
343,1070,0.076343,0.996013,0.0080,0.0020,0.020784,0.029547,0.008763,tool
344,1435,0.076284,0.997505,0.0030,0.0000,0.024158,0.024158,0.000000,tool
345,1424,-0.076258,0.995004,0.0000,0.0030,-0.013571,0.000000,0.013571,nontool
346,1167,-0.076203,0.988883,0.0020,0.0080,-0.036292,0.014573,0.050864,nontool
347,1263,-0.075990,0.995004,0.0000,0.0030,-0.053133,0.000000,0.053133,nontool
348,1228,-0.075926,0.995004,0.0000,0.0030,-0.016816,0.000000,0.016816,nontool
349,1090,-0.075891,0.987219,0.0050,0.0090,-0.029226,0.016676,0.045903,nontool
350,1497,-0.075814,0.995033,0.0000,0.0030,-0.016798,0.000000,0.016798,nontool
351,1258,-0.075533,0.995004,0.0000,0.0030,-0.016330,0.000000,0.016330,nontool
352,1443,-0.075484,0.995126,0.0000,0.0030,-0.016858,0.000000,0.016858,nontool
353,1343,-0.075144,0.991895,0.0020,0.0060,-0.023611,0.007367,0.030978,nontool
354,1206,-0.075021,0.995004,0.0000,0.0030,-0.013922,0.000000,0.013922,nontool
355,1049,0.074894,0.996027,0.0070,0.0020,0.023512,0.032328,0.008816,tool
356,1464,-0.074591,0.988876,0.0020,0.0080,-0.035790,0.013831,0.049621,nontool
357,980,-0.074572,0.995004,0.0000,0.0030,-0.019002,0.000000,0.019002,nontool
358,1157,-0.074338,0.995004,0.0000,0.0030,-0.015174,0.000000,0.015174,nontool
359,1588,0.074302,0.982192,0.0270,0.0130,0.125932,0.244858,0.118926,tool
360,1415,-0.073865,0.995004,0.0000,0.0030,-0.023209,0.000000,0.023209,nontool
361,1366,-0.072898,0.973023,0.0180,0.0200,-0.051468,0.067583,0.119051,nontool
362,1333,-0.072780,0.995009,0.0000,0.0030,-0.020285,0.000000,0.020285,nontool
363,1012,0.072731,0.976930,0.0330,0.0170,0.053957,0.141252,0.087295,tool
364,1315,0.072166,0.997014,0.0040,0.0010,0.026327,0.030752,0.004425,tool
365,1563,-0.072095,0.995017,0.0000,0.0030,-0.022389,0.000000,0.022389,nontool
366,1580,-0.071652,0.988871,0.0010,0.0080,-0.038071,0.013616,0.051687,nontool
367,1534,-0.071601,0.987235,0.0040,0.0090,-0.036042,0.019233,0.055276,nontool
368,1179,-0.071372,0.984831,0.0090,0.0110,-0.040482,0.031077,0.071558,nontool
369,883,0.070944,0.992560,0.0140,0.0050,0.031299,0.057876,0.026577,tool
370,1250,0.070811,0.997506,0.0030,0.0000,0.014190,0.014190,0.000000,tool
371,1565,-0.070742,0.995004,0.0000,0.0030,-0.030944,0.000000,0.030944,nontool
372,1376,-0.070193,0.995010,0.0010,0.0030,-0.040920,0.003568,0.044488,nontool
373,1468,-0.069888,0.988899,0.0030,0.0080,-0.026836,0.014845,0.041681,nontool
374,1118,-0.069799,0.982061,0.0060,0.0130,-0.029216,0.025662,0.054878,nontool
375,1163,0.069546,0.997011,0.0060,0.0010,0.017298,0.023147,0.005849,tool
376,942,0.069067,0.986527,0.0210,0.0100,0.033916,0.077847,0.043931,tool
377,1278,-0.068839,0.992005,0.0040,0.0060,-0.043053,0.014394,0.057448,nontool
378,1147,0.068431,0.997023,0.0040,0.0010,0.019409,0.023536,0.004127,tool
379,923,0.068236,0.997065,0.0050,0.0010,0.012920,0.016801,0.003881,tool
380,1016,-0.067630,0.978401,0.0080,0.0160,-0.048896,0.052771,0.101667,nontool
381,1064,0.067381,0.992041,0.0110,0.0060,0.049187,0.079595,0.030408,tool
382,1158,-0.067182,0.990246,0.0020,0.0070,-0.026825,0.013274,0.040099,nontool
383,990,0.066739,0.996133,0.0070,0.0020,0.024345,0.035038,0.010693,tool
384,944,0.066276,0.994027,0.0110,0.0040,0.019749,0.035537,0.015788,tool
385,1160,0.066085,0.991971,0.0130,0.0060,0.040219,0.074597,0.034379,tool
386,1189,0.065047,0.997035,0.0040,0.0010,0.041818,0.050284,0.008466,tool
387,891,0.064808,0.997022,0.0030,0.0010,0.031882,0.037069,0.005187,tool
388,1004,-0.064741,0.994011,0.0010,0.0040,-0.013624,0.003604,0.017229,nontool
389,988,-0.064723,0.990267,0.0030,0.0070,-0.033644,0.014719,0.048363,nontool
390,1498,-0.064645,0.986583,0.0060,0.0100,-0.026562,0.022747,0.049309,nontool
391,884,-0.064166,0.988871,0.0050,0.0080,-0.024367,0.017829,0.042195,nontool
392,973,-0.063410,0.994012,0.0010,0.0040,-0.015262,0.004331,0.019593,nontool
393,1009,-0.063304,0.963801,0.0150,0.0280,-0.048573,0.080862,0.129435,nontool
394,1633,0.063277,0.997080,0.0020,0.0000,0.010000,0.010000,0.000000,tool
395,1192,0.063277,0.997262,0.0020,0.0000,0.009261,0.009261,0.000000,tool
396,1223,0.063277,0.997505,0.0020,0.0000,0.011198,0.011198,0.000000,tool
397,1369,0.063277,0.997505,0.0020,0.0000,0.012317,0.012317,0.000000,tool
398,938,0.063276,0.997566,0.0020,0.0000,0.007385,0.007385,0.000000,tool
399,906,0.063276,0.997504,0.0020,0.0000,0.007172,0.007172,0.000000,tool
400,975,-0.063276,0.996003,0.0000,0.0020,-0.010606,0.000000,0.010606,nontool
401,1627,0.063276,0.997505,0.0020,0.0000,0.012655,0.012655,0.000000,tool
402,1222,-0.063275,0.996003,0.0000,0.0020,-0.012543,0.000000,0.012543,nontool
403,1463,0.063267,0.997518,0.0020,0.0000,0.006652,0.006652,0.000000,tool
404,1395,-0.063265,0.996033,0.0000,0.0020,-0.013341,0.000000,0.013341,nontool
405,1594,0.063262,0.997504,0.0020,0.0000,0.005829,0.005829,0.000000,tool
406,1432,-0.063220,0.996003,0.0000,0.0020,-0.009092,0.000000,0.009092,nontool
407,1309,-0.063210,0.996003,0.0000,0.0020,-0.011376,0.000000,0.011376,nontool
408,1602,-0.063193,0.996003,0.0000,0.0020,-0.009044,0.000000,0.009044,nontool
409,1556,-0.063190,0.996003,0.0000,0.0020,-0.007750,0.000000,0.007750,nontool
410,1279,-0.063186,0.996003,0.0000,0.0020,-0.011378,0.000000,0.011378,nontool
411,1169,-0.063176,0.996003,0.0000,0.0020,-0.011418,0.000000,0.011418,nontool
412,1091,-0.063169,0.996502,0.0000,0.0020,-0.009461,0.000000,0.009461,nontool
413,901,-0.063157,0.996003,0.0000,0.0020,-0.015965,0.000000,0.015965,nontool
414,1107,0.063142,0.997505,0.0020,0.0000,0.006517,0.006517,0.000000,tool
415,1433,-0.063132,0.978407,0.0120,0.0160,-0.030558,0.041299,0.071857,nontool
416,1243,-0.063130,0.996003,0.0000,0.0020,-0.008569,0.000000,0.008569,nontool
417,1296,-0.063130,0.996003,0.0000,0.0020,-0.012395,0.000000,0.012395,nontool
418,1035,0.063116,0.997504,0.0020,0.0000,0.007433,0.007433,0.000000,tool
419,913,-0.063070,0.996017,0.0000,0.0020,-0.011189,0.000000,0.011189,nontool
420,1099,-0.063051,0.996003,0.0000,0.0020,-0.013844,0.000000,0.013844,nontool
421,837,-0.063025,0.996003,0.0000,0.0020,-0.009183,0.000000,0.009183,nontool
422,839,-0.062978,0.996003,0.0000,0.0020,-0.015063,0.000000,0.015063,nontool
423,1337,0.062965,0.997020,0.0050,0.0010,0.023412,0.028193,0.004781,tool
424,952,-0.062949,0.996003,0.0000,0.0020,-0.008480,0.000000,0.008480,nontool
425,1281,-0.062917,0.996003,0.0000,0.0020,-0.012113,0.000000,0.012113,nontool
426,1234,0.062894,0.997504,0.0020,0.0000,0.010082,0.010082,0.000000,tool
427,1502,-0.062883,0.996017,0.0000,0.0020,-0.014176,0.000000,0.014176,nontool
428,1013,-0.062698,0.996003,0.0000,0.0020,-0.009856,0.000000,0.009856,nontool
429,1618,-0.062672,0.996033,0.0000,0.0020,-0.010827,0.000000,0.010827,nontool
430,1581,0.062612,0.997254,0.0020,0.0000,0.008936,0.008936,0.000000,tool
431,1121,-0.062531,0.996003,0.0000,0.0020,-0.015510,0.000000,0.015510,nontool
432,1102,-0.062517,0.996003,0.0000,0.0020,-0.010117,0.000000,0.010117,nontool
433,1040,-0.062490,0.996017,0.0000,0.0020,-0.009224,0.000000,0.009224,nontool
434,1117,-0.062353,0.996003,0.0000,0.0020,-0.011760,0.000000,0.011760,nontool
435,915,0.062212,0.997535,0.0020,0.0000,0.007680,0.007680,0.000000,tool
436,1509,-0.062111,0.996252,0.0000,0.0020,-0.012237,0.000000,0.012237,nontool
437,1141,-0.062096,0.996003,0.0000,0.0020,-0.009040,0.000000,0.009040,nontool
438,941,0.062062,0.996015,0.0090,0.0020,0.020966,0.034543,0.013578,tool
439,1562,-0.061735,0.996003,0.0000,0.0020,-0.011765,0.000000,0.011765,nontool
440,1422,-0.061513,0.991903,0.0020,0.0060,-0.022111,0.011357,0.033468,nontool
441,1100,-0.061329,0.988898,0.0030,0.0080,-0.025336,0.017609,0.042945,nontool
442,970,-0.061116,0.996017,0.0000,0.0020,-0.012510,0.000000,0.012510,nontool
443,1006,-0.061096,0.986588,0.0080,0.0100,-0.032515,0.029017,0.061532,nontool
444,1060,-0.061071,0.996003,0.0000,0.0020,-0.009154,0.000000,0.009154,nontool
445,1058,-0.060863,0.996003,0.0000,0.0020,-0.011767,0.000000,0.011767,nontool
446,885,-0.060781,0.996033,0.0000,0.0020,-0.014838,0.000000,0.014838,nontool
447,863,-0.060753,0.984844,0.0080,0.0110,-0.032745,0.032068,0.064813,nontool
448,1186,-0.060745,0.996003,0.0000,0.0020,-0.012415,0.000000,0.012415,nontool
449,1198,-0.060414,0.978813,0.0100,0.0160,-0.049134,0.057953,0.107087,nontool
450,858,0.060160,0.995030,0.0070,0.0030,0.021777,0.035902,0.014125,tool
451,1347,0.060062,0.987326,0.0190,0.0090,0.053208,0.119605,0.066397,tool
452,984,-0.059752,0.976708,0.0100,0.0170,-0.053635,0.066192,0.119827,nontool
453,1086,-0.059123,0.990245,0.0030,0.0070,-0.022079,0.014804,0.036883,nontool
454,912,0.058980,0.997130,0.0040,0.0010,0.014382,0.019236,0.004854,tool
455,870,-0.058960,0.996032,0.0000,0.0020,-0.019880,0.000000,0.019880,nontool
456,1457,-0.058909,0.992518,0.0010,0.0050,-0.022901,0.008821,0.031722,nontool
457,927,-0.058511,0.991945,0.0030,0.0060,-0.018681,0.011591,0.030272,nontool
458,1587,-0.057997,0.988892,0.0090,0.0080,-0.042281,0.034750,0.077030,nontool
459,1403,-0.057557,0.987271,0.0050,0.0090,-0.024253,0.022967,0.047219,nontool
460,1398,-0.057375,0.974353,0.0150,0.0190,-0.065697,0.104732,0.170429,nontool
461,1462,-0.057336,0.987278,0.0050,0.0090,-0.024300,0.022786,0.047085,nontool
462,1505,-0.056482,0.988876,0.0060,0.0080,-0.024175,0.022655,0.046830,nontool
463,1630,0.055576,0.997008,0.0030,0.0010,0.015795,0.020427,0.004632,tool
464,994,-0.054771,0.992537,0.0030,0.0050,-0.020448,0.012835,0.033282,nontool
465,1518,-0.054733,0.942857,0.0270,0.0440,-0.080350,0.172890,0.253240,nontool
466,1140,-0.053848,0.718911,0.3240,0.2310,-0.100334,1.042631,1.142965,nontool
467,1450,-0.051903,0.995005,0.0010,0.0030,-0.015072,0.004952,0.020024,nontool
468,1249,-0.051588,0.991915,0.0040,0.0060,-0.017660,0.014748,0.032408,nontool
469,1606,-0.051540,0.991907,0.0020,0.0060,-0.014646,0.010460,0.025106,nontool
470,1311,-0.051298,0.994021,0.0010,0.0040,-0.015844,0.007109,0.022954,nontool
471,1636,0.051150,0.997007,0.0040,0.0010,0.011141,0.016238,0.005097,tool
472,1166,0.050302,0.994027,0.0080,0.0040,0.020284,0.039415,0.019131,tool
473,1336,0.049342,0.996020,0.0060,0.0020,0.012714,0.022520,0.009806,tool
474,1406,-0.049061,0.988908,0.0030,0.0080,-0.019847,0.019658,0.039504,nontool
475,1549,0.048178,0.996039,0.0050,0.0020,0.013027,0.022030,0.009003,tool
476,1103,-0.048085,0.995034,0.0010,0.0030,-0.012381,0.005182,0.017563,nontool
477,989,0.047915,0.992558,0.0040,0.0050,0.029985,0.050434,0.020449,tool
478,1605,-0.047568,0.984845,0.0020,0.0110,-0.033291,0.028864,0.062155,nontool
479,920,-0.047243,0.995034,0.0010,0.0030,-0.012929,0.005528,0.018457,nontool
480,848,0.047160,0.995045,0.0060,0.0030,0.024572,0.045712,0.021139,tool
481,1361,-0.046177,0.994129,0.0030,0.0040,-0.015997,0.010891,0.026887,nontool
482,1428,-0.045453,0.974080,0.0150,0.0200,-0.026722,0.062539,0.089261,nontool
483,948,0.045443,0.992564,0.0070,0.0050,0.021920,0.046606,0.024686,tool
484,926,-0.044800,0.981511,0.0070,0.0140,-0.034272,0.056853,0.091124,nontool
485,1161,-0.044799,0.987454,0.0090,0.0090,-0.018330,0.028370,0.046700,nontool
486,1196,-0.044722,0.997002,0.0000,0.0010,-0.009336,0.000000,0.009336,nontool
487,1631,-0.044722,0.997002,0.0000,0.0010,-0.004883,0.000000,0.004883,nontool
488,824,-0.044722,0.997002,0.0000,0.0010,-0.004860,0.000000,0.004860,nontool
489,1372,-0.044722,0.997002,0.0000,0.0010,-0.006264,0.000000,0.006264,nontool
490,1231,0.044722,0.997128,0.0010,0.0000,0.003310,0.003310,0.000000,tool
491,1134,-0.044722,0.997002,0.0000,0.0010,-0.014834,0.000000,0.014834,nontool
492,1488,-0.044722,0.997002,0.0000,0.0010,-0.004250,0.000000,0.004250,nontool
493,919,-0.044722,0.997002,0.0000,0.0010,-0.004863,0.000000,0.004863,nontool
494,1080,-0.044722,0.997002,0.0000,0.0010,-0.006849,0.000000,0.006849,nontool
495,1417,0.044722,0.997503,0.0010,0.0000,0.002964,0.002964,0.000000,tool
496,1076,-0.044722,0.997002,0.0000,0.0010,-0.004832,0.000000,0.004832,nontool
497,1032,-0.044722,0.997002,0.0000,0.0010,-0.008342,0.000000,0.008342,nontool
498,1438,-0.044722,0.997002,0.0000,0.0010,-0.004610,0.000000,0.004610,nontool
499,949,-0.044722,0.997002,0.0000,0.0010,-0.005036,0.000000,0.005036,nontool
500,1561,-0.044722,0.997002,0.0000,0.0010,-0.005202,0.000000,0.005202,nontool
501,855,0.044722,0.997065,0.0010,0.0000,0.003962,0.003962,0.000000,tool
502,979,-0.044722,0.997002,0.0000,0.0010,-0.008441,0.000000,0.008441,nontool
503,1567,-0.044722,0.997002,0.0000,0.0010,-0.005237,0.000000,0.005237,nontool
504,1111,-0.044721,0.997002,0.0000,0.0010,-0.004222,0.000000,0.004222,nontool
505,1193,0.044721,0.997253,0.0010,0.0000,0.007915,0.007915,0.000000,tool
506,1449,-0.044721,0.997002,0.0000,0.0010,-0.004795,0.000000,0.004795,nontool
507,1226,-0.044721,0.997002,0.0000,0.0010,-0.005370,0.000000,0.005370,nontool
508,1460,0.044721,0.997253,0.0010,0.0000,0.005235,0.005235,0.000000,tool
509,1407,-0.044721,0.997002,0.0000,0.0010,-0.004461,0.000000,0.004461,nontool
510,1412,-0.044721,0.997002,0.0000,0.0010,-0.005541,0.000000,0.005541,nontool
511,1237,0.044721,0.997253,0.0010,0.0000,0.005553,0.005553,0.000000,tool
512,1572,-0.044721,0.997063,0.0000,0.0010,-0.004388,0.000000,0.004388,nontool
513,850,0.044721,0.997283,0.0010,0.0000,0.004225,0.004225,0.000000,tool
514,1180,-0.044721,0.997002,0.0000,0.0010,-0.005972,0.000000,0.005972,nontool
515,934,-0.044721,0.997002,0.0000,0.0010,-0.006593,0.000000,0.006593,nontool
516,1034,0.044721,0.997253,0.0010,0.0000,0.005197,0.005197,0.000000,tool
517,918,-0.044721,0.997032,0.0000,0.0010,-0.011724,0.000000,0.011724,nontool
518,1068,0.044721,0.997253,0.0010,0.0000,0.005387,0.005387,0.000000,tool
519,1612,-0.044721,0.997002,0.0000,0.0010,-0.005170,0.000000,0.005170,nontool
520,1397,-0.044721,0.997002,0.0000,0.0010,-0.006205,0.000000,0.006205,nontool
521,1517,-0.044721,0.997002,0.0000,0.0010,-0.005868,0.000000,0.005868,nontool
522,1469,0.044721,0.997253,0.0010,0.0000,0.005293,0.005293,0.000000,tool
523,1537,-0.044721,0.997002,0.0000,0.0010,-0.006763,0.000000,0.006763,nontool
524,1548,-0.044721,0.997002,0.0000,0.0010,-0.004780,0.000000,0.004780,nontool
525,1566,-0.044721,0.997002,0.0000,0.0010,-0.005857,0.000000,0.005857,nontool
526,1586,0.044721,0.997253,0.0010,0.0000,0.015384,0.015384,0.000000,tool
527,1241,-0.044721,0.997002,0.0000,0.0010,-0.005495,0.000000,0.005495,nontool
528,1527,-0.044721,0.997002,0.0000,0.0010,-0.004974,0.000000,0.004974,nontool
529,1453,-0.044721,0.997002,0.0000,0.0010,-0.004924,0.000000,0.004924,nontool
530,1364,-0.044721,0.997016,0.0000,0.0010,-0.004776,0.000000,0.004776,nontool
531,1571,-0.044721,0.997002,0.0000,0.0010,-0.007948,0.000000,0.007948,nontool
532,1136,-0.044721,0.997002,0.0000,0.0010,-0.004357,0.000000,0.004357,nontool
533,1574,-0.044721,0.997002,0.0000,0.0010,-0.005765,0.000000,0.005765,nontool
534,1431,0.044721,0.997065,0.0010,0.0000,0.003640,0.003640,0.000000,tool
535,831,-0.044721,0.997002,0.0000,0.0010,-0.004963,0.000000,0.004963,nontool
536,1174,-0.044721,0.997002,0.0000,0.0010,-0.007250,0.000000,0.007250,nontool
537,1312,-0.044721,0.997002,0.0000,0.0010,-0.006028,0.000000,0.006028,nontool
538,1188,-0.044721,0.997002,0.0000,0.0010,-0.007008,0.000000,0.007008,nontool
539,1484,-0.044721,0.997002,0.0000,0.0010,-0.006398,0.000000,0.006398,nontool
540,877,-0.044721,0.997002,0.0000,0.0010,-0.004768,0.000000,0.004768,nontool
541,1382,-0.044721,0.997002,0.0000,0.0010,-0.004949,0.000000,0.004949,nontool
542,819,-0.044721,0.997002,0.0000,0.0010,-0.004956,0.000000,0.004956,nontool
543,1617,0.044721,0.997503,0.0010,0.0000,0.004126,0.004126,0.000000,tool
544,1542,-0.044721,0.997002,0.0000,0.0010,-0.006135,0.000000,0.006135,nontool
545,826,-0.044721,0.997002,0.0000,0.0010,-0.005810,0.000000,0.005810,nontool
546,1359,-0.044721,0.997002,0.0000,0.0010,-0.010251,0.000000,0.010251,nontool
547,946,-0.044721,0.997002,0.0000,0.0010,-0.007949,0.000000,0.007949,nontool
548,1402,-0.044721,0.997002,0.0000,0.0010,-0.005611,0.000000,0.005611,nontool
549,996,-0.044721,0.997002,0.0000,0.0010,-0.006024,0.000000,0.006024,nontool
550,1418,-0.044721,0.997002,0.0000,0.0010,-0.005761,0.000000,0.005761,nontool
551,838,-0.044721,0.997016,0.0000,0.0010,-0.004111,0.000000,0.004111,nontool
552,1628,0.044721,0.997503,0.0010,0.0000,0.003496,0.003496,0.000000,tool
553,985,-0.044721,0.997063,0.0000,0.0010,-0.007483,0.000000,0.007483,nontool
554,879,-0.044721,0.997016,0.0000,0.0010,-0.009446,0.000000,0.009446,nontool
555,1116,-0.044721,0.997002,0.0000,0.0010,-0.004289,0.000000,0.004289,nontool
556,836,0.044721,0.997503,0.0010,0.0000,0.005092,0.005092,0.000000,tool
557,1514,-0.044721,0.997002,0.0000,0.0010,-0.007949,0.000000,0.007949,nontool
558,1044,-0.044721,0.997002,0.0000,0.0010,-0.004926,0.000000,0.004926,nontool
559,1546,-0.044721,0.997002,0.0000,0.0010,-0.006936,0.000000,0.006936,nontool
560,1596,-0.044721,0.997002,0.0000,0.0010,-0.003846,0.000000,0.003846,nontool
561,1349,-0.044721,0.997002,0.0000,0.0010,-0.008058,0.000000,0.008058,nontool
562,1387,0.044590,0.996021,0.0060,0.0020,0.011455,0.021703,0.010248,tool
563,1610,-0.044061,0.995006,0.0020,0.0030,-0.014653,0.008390,0.023043,nontool
564,1490,-0.043476,0.991897,0.0040,0.0060,-0.011174,0.012403,0.023577,nontool
565,1018,-0.042804,0.995035,0.0010,0.0030,-0.010131,0.005265,0.015396,nontool
566,1601,-0.041182,0.994009,0.0020,0.0040,-0.011094,0.009034,0.020128,nontool
567,869,0.041159,0.970807,0.0450,0.0220,0.033066,0.157229,0.124162,tool
568,1093,0.040941,0.997018,0.0040,0.0010,0.018113,0.029674,0.011561,tool
569,833,0.040622,0.996256,0.0020,0.0020,0.023944,0.033687,0.009743,tool
570,1022,-0.040254,0.883148,0.1150,0.0940,-0.108038,0.645145,0.753183,nontool
571,1178,0.039885,0.955279,0.0540,0.0340,0.042279,0.228260,0.185981,tool
572,1175,-0.039815,0.994069,0.0020,0.0040,-0.010629,0.009013,0.019642,nontool
573,939,-0.039255,0.996004,0.0010,0.0020,-0.006973,0.003142,0.010115,nontool
574,1083,-0.038767,0.990354,0.0070,0.0070,-0.016852,0.026577,0.043429,nontool
575,1540,0.038197,0.990320,0.0120,0.0070,0.016765,0.050410,0.033645,tool
576,1298,-0.038166,0.994131,0.0010,0.0040,-0.011330,0.008667,0.019997,nontool
577,987,0.038045,0.996036,0.0050,0.0020,0.009099,0.018557,0.009459,tool
578,1224,0.037889,0.965737,0.0230,0.0260,0.042311,0.179419,0.137108,tool
579,1135,-0.037655,0.996017,0.0010,0.0020,-0.006206,0.003191,0.009397,nontool
580,1597,-0.037636,0.992526,0.0010,0.0050,-0.019912,0.016825,0.036737,nontool
581,1308,0.037431,0.995041,0.0070,0.0030,0.010798,0.025090,0.014292,tool
582,1233,-0.037212,0.996065,0.0010,0.0020,-0.009277,0.004889,0.014167,nontool
583,1293,0.036968,0.994051,0.0070,0.0040,0.015139,0.037179,0.022040,tool
584,1393,-0.036604,0.992543,0.0030,0.0050,-0.009241,0.011195,0.020436,nontool
585,1255,0.036367,0.997127,0.0030,0.0010,0.009452,0.016028,0.006576,tool
586,903,-0.035764,0.995006,0.0020,0.0030,-0.009798,0.008467,0.018264,nontool
587,961,0.035089,0.995014,0.0070,0.0030,0.012505,0.030959,0.018453,tool
588,1208,-0.034877,0.990245,0.0060,0.0070,-0.014148,0.024482,0.038630,nontool
589,935,0.034546,0.983649,0.0080,0.0120,0.036511,0.104653,0.068142,tool
590,1378,-0.033958,0.995020,0.0030,0.0030,-0.018106,0.013887,0.031993,nontool
591,1261,-0.033936,0.996004,0.0010,0.0020,-0.007025,0.004355,0.011380,nontool
592,1389,-0.033333,0.991904,0.0030,0.0060,-0.012622,0.018934,0.031556,nontool
593,1219,0.033298,0.981552,0.0200,0.0140,0.018512,0.080416,0.061905,tool
594,1306,0.032855,0.990289,0.0120,0.0070,0.020922,0.063547,0.042625,tool
595,1471,0.032676,0.997035,0.0020,0.0010,0.006861,0.011494,0.004633,tool
596,908,-0.032528,0.995018,0.0020,0.0030,-0.006940,0.007088,0.014028,nontool
597,867,-0.032407,0.994013,0.0020,0.0040,-0.009888,0.011440,0.021327,nontool
598,1570,0.032299,0.996008,0.0050,0.0020,0.007853,0.018035,0.010182,tool
599,1421,-0.031509,0.994008,0.0030,0.0040,-0.008067,0.011001,0.019068,nontool
600,1607,-0.031365,0.990248,0.0080,0.0070,-0.015463,0.031950,0.047413,nontool
601,1330,-0.031130,0.991918,0.0030,0.0060,-0.012327,0.018894,0.031222,nontool
602,1332,-0.030684,0.995011,0.0020,0.0030,-0.009341,0.009548,0.018889,nontool
603,1132,0.029914,0.997006,0.0020,0.0010,0.006538,0.011712,0.005174,tool
604,1000,0.029874,0.979936,0.0090,0.0150,0.023907,0.092763,0.068856,tool
605,880,-0.029661,0.955114,0.0350,0.0340,-0.025349,0.143540,0.168889,nontool
606,1218,-0.029560,0.984074,0.0140,0.0120,-0.018805,0.058244,0.077049,nontool
607,840,0.029331,0.973487,0.0180,0.0200,0.032414,0.156336,0.123922,tool
608,1152,0.029115,0.994074,0.0070,0.0040,0.008314,0.025112,0.016798,tool
609,1492,-0.028259,0.994066,0.0030,0.0040,-0.008726,0.013804,0.022529,nontool
610,1416,-0.027535,0.995013,0.0020,0.0030,-0.006892,0.008783,0.015675,nontool
611,1130,0.027120,0.994041,0.0070,0.0040,0.012401,0.033982,0.021581,tool
612,1420,0.026837,0.996017,0.0030,0.0020,0.004956,0.011694,0.006738,tool
613,868,-0.026712,0.992538,0.0050,0.0050,-0.007345,0.015059,0.022404,nontool
614,1072,0.026523,0.995017,0.0040,0.0030,0.021950,0.055634,0.033684,tool
615,1061,-0.026253,0.996066,0.0010,0.0020,-0.005385,0.005215,0.010600,nontool
616,1483,0.025660,0.991902,0.0110,0.0060,0.009467,0.038254,0.028787,tool
617,1410,0.025046,0.995072,0.0040,0.0030,0.007806,0.021321,0.013515,tool
618,967,0.024547,0.960631,0.0440,0.0300,0.019239,0.159782,0.140543,tool
619,1056,-0.024535,0.953926,0.0340,0.0350,-0.027964,0.184454,0.212418,nontool
620,1459,0.024181,0.990260,0.0120,0.0070,0.010067,0.044357,0.034289,tool
621,1164,-0.023869,0.996006,0.0010,0.0020,-0.004080,0.004580,0.008660,nontool
622,1582,0.023566,0.996007,0.0040,0.0020,0.005334,0.014932,0.009599,tool
623,1073,-0.023399,0.994035,0.0050,0.0040,-0.008179,0.017931,0.026110,nontool
624,1220,0.023316,0.997005,0.0030,0.0010,0.004536,0.010679,0.006143,tool
625,925,-0.023029,0.955342,0.0320,0.0340,-0.018975,0.137974,0.156950,nontool
626,1266,0.022542,0.960694,0.0360,0.0300,0.030320,0.237155,0.206835,tool
627,846,-0.021588,0.990358,0.0090,0.0070,-0.010297,0.034732,0.045029,nontool
628,1202,0.021467,0.994031,0.0030,0.0040,0.011327,0.035241,0.023913,tool
629,1240,-0.021366,0.990260,0.0100,0.0070,-0.008982,0.031947,0.040930,nontool
630,1078,-0.021080,0.996066,0.0010,0.0020,-0.004710,0.006267,0.010977,nontool
631,1461,0.020092,0.978591,0.0220,0.0160,0.012744,0.090184,0.077440,tool
632,1500,0.019621,0.996014,0.0020,0.0020,0.005848,0.015776,0.009927,tool
633,962,0.019556,0.997033,0.0010,0.0010,0.005344,0.010890,0.005546,tool
634,1069,0.019321,0.988910,0.0100,0.0080,0.007554,0.040183,0.032630,tool
635,1560,0.019140,0.997005,0.0020,0.0010,0.004265,0.010565,0.006300,tool
636,1439,-0.019119,0.986493,0.0040,0.0100,-0.011662,0.037158,0.048820,nontool
637,966,-0.018803,0.959264,0.0380,0.0310,-0.028517,0.209833,0.238350,nontool
638,1307,-0.018196,0.974318,0.0140,0.0190,-0.018577,0.101818,0.120395,nontool
639,1598,0.017609,0.986808,0.0200,0.0100,0.015266,0.095720,0.080454,tool
640,983,0.017584,0.997502,0.0020,0.0010,0.003423,0.009206,0.005783,tool
641,1026,-0.017517,0.981506,0.0150,0.0140,-0.009040,0.056402,0.065441,nontool
642,1358,-0.017255,0.997003,0.0010,0.0010,-0.002895,0.003657,0.006552,nontool
643,1481,0.017124,0.995137,0.0030,0.0030,0.004980,0.018193,0.013213,tool
644,1131,-0.016761,0.982227,0.0180,0.0130,-0.019399,0.117959,0.137358,nontool
645,1168,-0.016610,0.995015,0.0020,0.0030,-0.003484,0.008481,0.011965,nontool
646,1194,-0.016562,0.979888,0.0190,0.0150,-0.009416,0.067572,0.076988,nontool
647,1519,0.016516,0.995039,0.0020,0.0030,0.010056,0.033073,0.023016,tool
648,972,0.016464,0.997005,0.0020,0.0010,0.003106,0.008637,0.005531,tool
649,1345,-0.016445,0.991900,0.0020,0.0060,-0.008361,0.025490,0.033851,nontool
650,1485,0.016329,0.669144,0.3460,0.2680,0.031125,1.257646,1.226522,tool
651,1385,-0.016265,0.994026,0.0030,0.0040,-0.005161,0.016100,0.021261,nontool
652,900,0.016143,0.991921,0.0100,0.0060,0.006506,0.038664,0.032159,tool
653,1005,-0.015905,0.988896,0.0100,0.0080,-0.006618,0.034890,0.041508,nontool
654,830,-0.015800,0.996006,0.0010,0.0020,-0.004316,0.008320,0.012635,nontool
655,1399,0.015745,0.997127,0.0020,0.0010,0.003655,0.010674,0.007019,tool
656,1122,0.015664,0.936811,0.0630,0.0480,0.014816,0.231606,0.216790,tool
657,872,0.015455,0.988901,0.0130,0.0080,0.007028,0.048834,0.041806,tool
658,991,-0.015148,0.996006,0.0010,0.0020,-0.002990,0.006042,0.009032,nontool
659,1251,0.014980,0.971010,0.0200,0.0220,0.011517,0.111912,0.100396,tool
660,1348,0.014955,0.996019,0.0040,0.0020,0.004309,0.017564,0.013255,tool
661,1082,-0.014711,0.990241,0.0080,0.0070,-0.005472,0.028847,0.034319,nontool
662,1024,-0.014623,0.997003,0.0010,0.0010,-0.002200,0.003528,0.005728,nontool
663,1215,-0.014508,0.995010,0.0020,0.0030,-0.003767,0.011012,0.014779,nontool
664,1310,-0.014462,0.990246,0.0030,0.0070,-0.006616,0.025838,0.032454,nontool
665,1622,-0.014208,0.997003,0.0010,0.0010,-0.002060,0.003437,0.005497,nontool
666,1524,-0.014132,0.997003,0.0010,0.0010,-0.002528,0.004250,0.006779,nontool
667,1394,-0.013923,0.990268,0.0070,0.0070,-0.005577,0.030250,0.035827,nontool
668,859,0.013092,0.995020,0.0060,0.0030,0.004192,0.022734,0.018542,tool
669,1288,-0.013041,0.997032,0.0010,0.0010,-0.001907,0.003571,0.005478,nontool
670,1197,0.012743,0.994023,0.0060,0.0040,0.003387,0.020333,0.016946,tool
671,1105,-0.012633,0.986718,0.0120,0.0100,-0.006121,0.046359,0.052480,nontool
672,1616,-0.012562,0.964091,0.0280,0.0270,-0.014249,0.168379,0.182628,nontool
673,1437,0.012448,0.992530,0.0030,0.0050,0.006652,0.035068,0.028415,tool
674,1286,0.012413,0.983851,0.0170,0.0120,0.006980,0.069669,0.062690,tool
675,1532,-0.012352,0.974821,0.0220,0.0190,-0.012522,0.113293,0.125816,nontool
676,969,-0.011998,0.957792,0.0400,0.0320,-0.019697,0.267410,0.287106,nontool
677,1526,0.011485,0.996010,0.0030,0.0020,0.002393,0.011530,0.009138,tool
678,897,-0.011437,0.996019,0.0020,0.0020,-0.002879,0.009545,0.012424,nontool
679,1479,0.011248,0.996130,0.0030,0.0020,0.002792,0.013351,0.010559,tool
680,1328,-0.011237,0.997003,0.0010,0.0010,-0.001424,0.003232,0.004656,nontool
681,963,0.011226,0.991962,0.0080,0.0060,0.004563,0.035363,0.030800,tool
682,1273,-0.010969,0.995022,0.0030,0.0030,-0.003195,0.014004,0.017198,nontool
683,1391,0.010712,0.997004,0.0020,0.0010,0.001496,0.006047,0.004552,tool
684,1535,0.010682,0.930398,0.0560,0.0540,0.013942,0.292871,0.278928,tool
685,1325,-0.009629,0.997003,0.0010,0.0010,-0.001425,0.003913,0.005338,nontool
686,1151,-0.009524,0.996018,0.0020,0.0020,-0.001742,0.007259,0.009001,nontool
687,1304,0.009256,0.997004,0.0010,0.0010,0.001186,0.004603,0.003417,tool
688,1579,0.009039,0.997004,0.0010,0.0010,0.001827,0.007240,0.005413,tool
689,943,0.008537,0.983853,0.0150,0.0120,0.004758,0.065254,0.060495,tool
690,1496,0.008395,0.992581,0.0060,0.0050,0.002721,0.025267,0.022546,tool
691,1230,0.007824,0.996035,0.0010,0.0020,0.003142,0.015631,0.012489,tool
692,887,0.007615,0.995024,0.0040,0.0030,0.002348,0.019129,0.016781,tool
693,1120,0.007133,0.995018,0.0020,0.0030,0.002408,0.017277,0.014869,tool
694,937,-0.006910,0.997032,0.0010,0.0010,-0.000731,0.002960,0.003691,nontool
695,1156,-0.006789,0.995039,0.0030,0.0030,-0.001900,0.014102,0.016001,nontool
696,1529,-0.006251,0.992527,0.0060,0.0050,-0.002205,0.024633,0.026838,nontool
697,1530,0.005555,0.987251,0.0130,0.0090,0.002609,0.049461,0.046852,tool
698,1511,-0.005425,0.996007,0.0040,0.0020,-0.001569,0.013741,0.015310,nontool
699,1362,0.005291,0.996066,0.0030,0.0020,0.001100,0.010802,0.009701,tool
700,1300,0.004478,0.996035,0.0030,0.0020,0.001034,0.011900,0.010866,tool
701,929,0.004395,0.995013,0.0030,0.0030,0.001088,0.014027,0.012939,tool
702,953,0.004345,0.924138,0.0880,0.0580,0.003931,0.248763,0.244832,tool
703,1436,-0.004088,0.992532,0.0050,0.0050,-0.001417,0.023712,0.025129,nontool
704,1246,0.003885,0.995014,0.0040,0.0030,0.001070,0.016178,0.015108,tool
705,1301,-0.003809,0.992537,0.0030,0.0050,-0.001396,0.021797,0.023193,nontool
706,1477,-0.003476,0.972444,0.0280,0.0210,-0.002260,0.099112,0.101372,nontool
707,834,-0.002508,0.981453,0.0200,0.0140,-0.001542,0.077304,0.078846,nontool
708,1476,0.001371,0.997004,0.0010,0.0010,0.000193,0.004558,0.004365,tool
709,861,0.001058,0.981568,0.0180,0.0140,0.000695,0.080072,0.079378,tool
710,1329,-0.000843,0.990263,0.0030,0.0070,-0.000463,0.035053,0.035516,nontool
711,1494,-0.000539,0.997003,0.0010,0.0010,-0.000077,0.004473,0.004550,nontool
712,1396,-0.000446,0.992526,0.0040,0.0050,-0.000252,0.036553,0.036805,nontool
713,956,0.000040,0.992570,0.0070,0.0050,0.000013,0.024510,0.024497,tool
714,1148,-0.000003,0.972696,0.0270,0.0210,-0.000002,0.114367,0.114370,nontool
715,841,0.000000,0.997064,0.0000,0.0000,0.000000,0.000000,0.000000,tie
716,1145,0.000000,0.997064,0.0000,0.0000,0.000000,0.000000,0.000000,tie
717,1405,0.000000,0.997064,0.0000,0.0000,0.000000,0.000000,0.000000,tie
718,1021,0.000000,0.997064,0.0000,0.0000,0.000000,0.000000,0.000000,tie
719,1335,0.000000,0.997064,0.0000,0.0000,0.000000,0.000000,0.000000,tie
720,1089,0.000000,0.997064,0.0000,0.0000,0.000000,0.000000,0.000000,tie
721,986,0.000000,0.997064,0.0000,0.0000,0.000000,0.000000,0.000000,tie
722,1334,0.000000,0.997064,0.0000,0.0000,0.000000,0.000000,0.000000,tie
723,844,0.000000,0.997064,0.0000,0.0000,0.000000,0.000000,0.000000,tie
724,1144,0.000000,0.997064,0.0000,0.0000,0.000000,0.000000,0.000000,tie
725,1592,0.000000,0.997064,0.0000,0.0000,0.000000,0.000000,0.000000,tie
726,1419,0.000000,0.997064,0.0000,0.0000,0.000000,0.000000,0.000000,tie
727,1204,0.000000,0.997064,0.0000,0.0000,0.000000,0.000000,0.000000,tie
728,1589,0.000000,0.997064,0.0000,0.0000,0.000000,0.000000,0.000000,tie
729,1205,0.000000,0.997064,0.0000,0.0000,0.000000,0.000000,0.000000,tie
730,1207,0.000000,0.997064,0.0000,0.0000,0.000000,0.000000,0.000000,tie
731,982,0.000000,0.997064,0.0000,0.0000,0.000000,0.000000,0.000000,tie
732,843,0.000000,0.997064,0.0000,0.0000,0.000000,0.000000,0.000000,tie
733,1411,0.000000,0.997064,0.0000,0.0000,0.000000,0.000000,0.000000,tie
734,1386,0.000000,0.997064,0.0000,0.0000,0.000000,0.000000,0.000000,tie
735,1388,0.000000,0.997064,0.0000,0.0000,0.000000,0.000000,0.000000,tie
736,1011,0.000000,0.997064,0.0000,0.0000,0.000000,0.000000,0.000000,tie
737,1634,0.000000,0.997064,0.0000,0.0000,0.000000,0.000000,0.000000,tie
738,1162,0.000000,0.997064,0.0000,0.0000,0.000000,0.000000,0.000000,tie
739,1370,0.000000,0.997064,0.0000,0.0000,0.000000,0.000000,0.000000,tie
740,1176,0.000000,0.997064,0.0000,0.0000,0.000000,0.000000,0.000000,tie
741,1003,0.000000,0.997064,0.0000,0.0000,0.000000,0.000000,0.000000,tie
742,1629,0.000000,0.997064,0.0000,0.0000,0.000000,0.000000,0.000000,tie
743,1002,0.000000,0.997064,0.0000,0.0000,0.000000,0.000000,0.000000,tie
744,1181,0.000000,0.997064,0.0000,0.0000,0.000000,0.000000,0.000000,tie
745,829,0.000000,0.997064,0.0000,0.0000,0.000000,0.000000,0.000000,tie
746,998,0.000000,0.997064,0.0000,0.0000,0.000000,0.000000,0.000000,tie
747,1355,0.000000,0.997064,0.0000,0.0000,0.000000,0.000000,0.000000,tie
748,1351,0.000000,0.997064,0.0000,0.0000,0.000000,0.000000,0.000000,tie
749,1623,0.000000,0.997064,0.0000,0.0000,0.000000,0.000000,0.000000,tie
750,1380,0.000000,0.997064,0.0000,0.0000,0.000000,0.000000,0.000000,tie
751,1620,0.000000,0.997064,0.0000,0.0000,0.000000,0.000000,0.000000,tie
752,1014,0.000000,0.997064,0.0000,0.0000,0.000000,0.000000,0.000000,tie
753,1187,0.000000,0.997064,0.0000,0.0000,0.000000,0.000000,0.000000,tie
754,1352,0.000000,0.997064,0.0000,0.0000,0.000000,0.000000,0.000000,tie
755,1383,0.000000,0.997064,0.0000,0.0000,0.000000,0.000000,0.000000,tie
756,1614,0.000000,0.997064,0.0000,0.0000,0.000000,0.000000,0.000000,tie
757,1190,0.000000,0.997064,0.0000,0.0000,0.000000,0.000000,0.000000,tie
758,1384,0.000000,0.997064,0.0000,0.0000,0.000000,0.000000,0.000000,tie
759,1611,0.000000,0.997064,0.0000,0.0000,0.000000,0.000000,0.000000,tie
760,851,0.000000,0.997064,0.0000,0.0000,0.000000,0.000000,0.000000,tie
761,1609,0.000000,0.997064,0.0000,0.0000,0.000000,0.000000,0.000000,tie
762,995,0.000000,0.997064,0.0000,0.0000,0.000000,0.000000,0.000000,tie
763,854,0.000000,0.997064,0.0000,0.0000,0.000000,0.000000,0.000000,tie
764,1324,0.000000,0.997064,0.0000,0.0000,0.000000,0.000000,0.000000,tie
765,978,0.000000,0.997064,0.0000,0.0000,0.000000,0.000000,0.000000,tie
766,886,0.000000,0.997064,0.0000,0.0000,0.000000,0.000000,0.000000,tie
767,1472,0.000000,0.997064,0.0000,0.0000,0.000000,0.000000,0.000000,tie
768,1473,0.000000,0.997064,0.0000,0.0000,0.000000,0.000000,0.000000,tie
769,892,0.000000,0.997064,0.0000,0.0000,0.000000,0.000000,0.000000,tie
770,1113,0.000000,0.997064,0.0000,0.0000,0.000000,0.000000,0.000000,tie
771,1541,0.000000,0.997064,0.0000,0.0000,0.000000,0.000000,0.000000,tie
772,945,0.000000,0.997064,0.0000,0.0000,0.000000,0.000000,0.000000,tie
773,1291,0.000000,0.997064,0.0000,0.0000,0.000000,0.000000,0.000000,tie
774,1108,0.000000,0.997064,0.0000,0.0000,0.000000,0.000000,0.000000,tie
775,1290,0.000000,0.997064,0.0000,0.0000,0.000000,0.000000,0.000000,tie
776,1289,0.000000,0.997064,0.0000,0.0000,0.000000,0.000000,0.000000,tie
777,902,0.000000,0.997064,0.0000,0.0000,0.000000,0.000000,0.000000,tie
778,1491,0.000000,0.997064,0.0000,0.0000,0.000000,0.000000,0.000000,tie
779,1285,0.000000,0.997064,0.0000,0.0000,0.000000,0.000000,0.000000,tie
780,1528,0.000000,0.997064,0.0000,0.0000,0.000000,0.000000,0.000000,tie
781,1077,0.000000,0.997064,0.0000,0.0000,0.000000,0.000000,0.000000,tie
782,1276,0.000000,0.997064,0.0000,0.0000,0.000000,0.000000,0.000000,tie
783,1525,0.000000,0.997064,0.0000,0.0000,0.000000,0.000000,0.000000,tie
784,924,0.000000,0.997064,0.0000,0.0000,0.000000,0.000000,0.000000,tie
785,922,0.000000,0.997064,0.0000,0.0000,0.000000,0.000000,0.000000,tie
786,1088,0.000000,0.997064,0.0000,0.0000,0.000000,0.000000,0.000000,tie
787,1094,0.000000,0.997064,0.0000,0.0000,0.000000,0.000000,0.000000,tie
788,1520,0.000000,0.997064,0.0000,0.0000,0.000000,0.000000,0.000000,tie
789,1066,0.000000,0.997064,0.0000,0.0000,0.000000,0.000000,0.000000,tie
790,1065,0.000000,0.997064,0.0000,0.0000,0.000000,0.000000,0.000000,tie
791,1297,0.000000,0.997064,0.0000,0.0000,0.000000,0.000000,0.000000,tie
792,1238,0.000000,0.997064,0.0000,0.0000,0.000000,0.000000,0.000000,tie
793,1133,0.000000,0.997064,0.0000,0.0000,0.000000,0.000000,0.000000,tie
794,1427,0.000000,0.997064,0.0000,0.0000,0.000000,0.000000,0.000000,tie
795,1429,0.000000,0.997064,0.0000,0.0000,0.000000,0.000000,0.000000,tie
796,1265,0.000000,0.997064,0.0000,0.0000,0.000000,0.000000,0.000000,tie
797,1323,0.000000,0.997064,0.0000,0.0000,0.000000,0.000000,0.000000,tie
798,1322,0.000000,0.997064,0.0000,0.0000,0.000000,0.000000,0.000000,tie
799,1217,0.000000,0.997064,0.0000,0.0000,0.000000,0.000000,0.000000,tie
800,866,0.000000,0.997064,0.0000,0.0000,0.000000,0.000000,0.000000,tie
801,1320,0.000000,0.997064,0.0000,0.0000,0.000000,0.000000,0.000000,tie
802,1319,0.000000,0.997064,0.0000,0.0000,0.000000,0.000000,0.000000,tie
803,1318,0.000000,0.997064,0.0000,0.0000,0.000000,0.000000,0.000000,tie
804,1045,0.000000,0.997064,0.0000,0.0000,0.000000,0.000000,0.000000,tie
805,1441,0.000000,0.997064,0.0000,0.0000,0.000000,0.000000,0.000000,tie
806,1221,0.000000,0.997064,0.0000,0.0000,0.000000,0.000000,0.000000,tie
807,957,0.000000,0.997064,0.0000,0.0000,0.000000,0.000000,0.000000,tie
808,1128,0.000000,0.997064,0.0000,0.0000,0.000000,0.000000,0.000000,tie
809,1305,0.000000,0.997064,0.0000,0.0000,0.000000,0.000000,0.000000,tie
810,1063,0.000000,0.997064,0.0000,0.0000,0.000000,0.000000,0.000000,tie
811,1232,0.000000,0.997064,0.0000,0.0000,0.000000,0.000000,0.000000,tie
812,1299,0.000000,0.997064,0.0000,0.0000,0.000000,0.000000,0.000000,tie
813,1466,0.000000,0.997064,0.0000,0.0000,0.000000,0.000000,0.000000,tie
814,1467,0.000000,0.997064,0.0000,0.0000,0.000000,0.000000,0.000000,tie
815,1235,0.000000,0.997064,0.0000,0.0000,0.000000,0.000000,0.000000,tie
816,1552,0.000000,0.997064,0.0000,0.0000,0.000000,0.000000,0.000000,tie
817,1442,0.000000,0.997064,0.0000,0.0000,0.000000,0.000000,0.000000,tie
818,1075,0.000000,0.997064,0.0000,0.0000,0.000000,0.000000,0.000000,tie
